name	rename_to
HM Rando	Halie Rando
rando2	Halie Rando
Casey Greene	Casey Greene
rmrussell	Ronnie Russell
nilswellhausen	Nils Wellhausen
RLordan	Ronan Lordan
rlordan	Ronan Lordan
Lucy McGowan	Lucy D'Agostino McGowan
aadattoli	Anna Ada Dattoli
Jeff-Field	Jeff Field
Adam L MacLean	Adam MacLean
rdvelazquez	Ryan Velazquez
ajlee21	Alexandra Lee
dianerafi	Diane Rafizadeh
Elizabeth (Ellie) Sell	Elizabeth Sell
marouenbg	Marouen Ben Guebila
Marouen	Marouen Ben Guebila
jinhui2	Jinhui Wang
ypar	Yoson Park
yoson park	Yoson Park
likhithakolla	Likhitha Kolla
anskelly	Ashwin N Skelly
byrdjb	J. Brian Byrd
soumitagh	Soumita Ghosh
yemarshall	Yael Marshall
bansalvi	Vikas Bansal
Yanjun Qi / Jane	Yanjun Qi
LSH2126	Lamonica Shinholster
gregszetoAI	Greg Szeto
tlukan	Temitayo Lukan
NAIKA86	Amruta Naik
yusha-sun	Yusha Sun
dziakj  John Dziak
Simina M. Boca  Simina Boca
